<?xml version="1.0"?>
<Runs Version="1" Minor="0">
	<Run Id="zynq_auto_pc_0_synth_1" LaunchDir="C:/Users/ryan4/Desktop/CO_LAB/LAB6/homework/vivado/zynq_system/zynq_system.runs/zynq_auto_pc_0_synth_1" FlowId="Vivado_Synthesis" FromStepId="vivado" ToStepId="vivado"/>
	<Run Id="zynq_mips_core_0_0_synth_1" LaunchDir="C:/Users/ryan4/Desktop/CO_LAB/LAB6/homework/vivado/zynq_system/zynq_system.runs/zynq_mips_core_0_0_synth_1" FlowId="Vivado_Synthesis" FromStepId="vivado" ToStepId="vivado"/>
	<Run Id="zynq_proc_sys_reset_0_0_synth_1" LaunchDir="C:/Users/ryan4/Desktop/CO_LAB/LAB6/homework/vivado/zynq_system/zynq_system.runs/zynq_proc_sys_reset_0_0_synth_1" FlowId="Vivado_Synthesis" FromStepId="vivado" ToStepId="vivado"/>
	<Run Id="zynq_xlconstant_0_0_synth_1" LaunchDir="C:/Users/ryan4/Desktop/CO_LAB/LAB6/homework/vivado/zynq_system/zynq_system.runs/zynq_xlconstant_0_0_synth_1" FlowId="Vivado_Synthesis" FromStepId="vivado" ToStepId="vivado"/>
	<Run Id="zynq_processing_system7_0_0_synth_1" LaunchDir="C:/Users/ryan4/Desktop/CO_LAB/LAB6/homework/vivado/zynq_system/zynq_system.runs/zynq_processing_system7_0_0_synth_1" FlowId="Vivado_Synthesis" FromStepId="vivado" ToStepId="vivado"/>
	<Run Id="zynq_axi_ahblite_bridge_0_0_synth_1" LaunchDir="C:/Users/ryan4/Desktop/CO_LAB/LAB6/homework/vivado/zynq_system/zynq_system.runs/zynq_axi_ahblite_bridge_0_0_synth_1" FlowId="Vivado_Synthesis" FromStepId="vivado" ToStepId="vivado"/>
	<Run Id="synth_1" LaunchDir="C:/Users/ryan4/Desktop/CO_LAB/LAB6/homework/vivado/zynq_system/zynq_system.runs/synth_1" FlowId="Vivado_Synthesis" FromStepId="vivado" ToStepId="vivado">
		<Parent Id="zynq_auto_pc_0_synth_1"/>
		<Parent Id="zynq_mips_core_0_0_synth_1"/>
		<Parent Id="zynq_proc_sys_reset_0_0_synth_1"/>
		<Parent Id="zynq_xlconstant_0_0_synth_1"/>
		<Parent Id="zynq_processing_system7_0_0_synth_1"/>
		<Parent Id="zynq_axi_ahblite_bridge_0_0_synth_1"/>
	</Run>
	<Run Id="impl_1" LaunchDir="C:/Users/ryan4/Desktop/CO_LAB/LAB6/homework/vivado/zynq_system/zynq_system.runs/impl_1" FlowId="Vivado_Implementation" FromStepId="init_design" ToStepId="write_bitstream">
		<Parent Id="synth_1"/>
		<Parent Id="zynq_auto_pc_0_synth_1"/>
		<Parent Id="zynq_mips_core_0_0_synth_1"/>
		<Parent Id="zynq_proc_sys_reset_0_0_synth_1"/>
		<Parent Id="zynq_xlconstant_0_0_synth_1"/>
		<Parent Id="zynq_processing_system7_0_0_synth_1"/>
		<Parent Id="zynq_axi_ahblite_bridge_0_0_synth_1"/>
	</Run>
</Runs>

