<?xml version="1.0" encoding="UTF-8"?>
<GenRun Id="fp_add_synth_1" LaunchPart="xc7z020clg484-1" LaunchTime="1734177641">
  <File Type="PA-TCL" Name="fp_add.tcl"/>
  <File Type="REPORTS-TCL" Name="fp_add_reports.tcl"/>
  <File Type="RDS-RDS" Name="fp_add.vds"/>
  <File Type="RDS-UTIL" Name="fp_add_utilization_synth.rpt"/>
  <File Type="RDS-UTIL-PB" Name="fp_add_utilization_synth.pb"/>
  <File Type="RDS-DCP" Name="fp_add.dcp"/>
  <FileSet Name="sources" Type="BlockSrcs" RelSrcDir="$PSRCDIR/fp_add" RelGenDir="$PGENDIR/fp_add">
    <File Path="$PSRCDIR/sources_1/ip/fp_add/fp_add.xci">
      <FileInfo>
        <Attr Name="UsedIn" Val="synthesis"/>
        <Attr Name="UsedIn" Val="implementation"/>
        <Attr Name="UsedIn" Val="simulation"/>
      </FileInfo>
    </File>
    <Config>
      <Option Name="TopModule" Val="fp_add"/>
      <Option Name="UseBlackboxStub" Val="1"/>
    </Config>
  </FileSet>
  <FileSet Name="constrs_in" Type="BlockSrcs" RelSrcDir="$PSRCDIR/fp_add" RelGenDir="$PGENDIR/fp_add">
    <File Path="$PSRCDIR/sources_1/ip/fp_add/fp_add.xci">
      <FileInfo>
        <Attr Name="UsedIn" Val="synthesis"/>
        <Attr Name="UsedIn" Val="implementation"/>
        <Attr Name="UsedIn" Val="simulation"/>
      </FileInfo>
    </File>
    <Config>
      <Option Name="TopModule" Val="fp_add"/>
      <Option Name="UseBlackboxStub" Val="1"/>
    </Config>
  </FileSet>
  <FileSet Name="utils" Type="Utils" RelSrcDir="$PSRCDIR/utils_1" RelGenDir="$PGENDIR/utils_1">
    <Filter Type="Utils"/>
    <Config>
      <Option Name="TopAutoSet" Val="TRUE"/>
    </Config>
  </FileSet>
  <Strategy Version="1" Minor="2">
    <StratHandle Name="Vivado Synthesis Defaults" Flow="Vivado Synthesis 2017"/>
    <Step Id="synth_design"/>
  </Strategy>
</GenRun>
