<?xml version="1.0" encoding="UTF-8"?>
<GenRun Id="synth_1" LaunchPart="xc7z020clg484-1" LaunchTime="1701601624">
  <File Type="PA-TCL" Name="zynq_wrapper.tcl"/>
  <File Type="RDS-PROPCONSTRS" Name="zynq_wrapper_drc_synth.rpt"/>
  <File Type="REPORTS-TCL" Name="zynq_wrapper_reports.tcl"/>
  <File Type="RDS-RDS" Name="zynq_wrapper.vds"/>
  <File Type="RDS-UTIL" Name="zynq_wrapper_utilization_synth.rpt"/>
  <File Type="RDS-UTIL-PB" Name="zynq_wrapper_utilization_synth.pb"/>
  <File Type="RDS-DCP" Name="zynq_wrapper.dcp"/>
  <File Type="VDS-TIMINGSUMMARY" Name="zynq_wrapper_timing_summary_synth.rpt"/>
  <File Type="VDS-TIMING-PB" Name="zynq_wrapper_timing_summary_synth.pb"/>
  <FileSet Name="sources" Type="DesignSrcs" RelSrcDir="$PSRCDIR/sources_1">
    <Filter Type="Srcs"/>
    <File Path="$PSRCDIR/sources_1/bd/zynq/zynq.bd">
      <FileInfo>
        <Attr Name="UsedIn" Val="synthesis"/>
        <Attr Name="UsedIn" Val="implementation"/>
        <Attr Name="UsedIn" Val="simulation"/>
      </FileInfo>
    </File>
    <File Path="$PSRCDIR/sources_1/bd/zynq/hdl/zynq_wrapper.v">
      <FileInfo>
        <Attr Name="UsedIn" Val="synthesis"/>
        <Attr Name="UsedIn" Val="implementation"/>
        <Attr Name="UsedIn" Val="simulation"/>
      </FileInfo>
    </File>
    <Config>
      <Option Name="DesignMode" Val="RTL"/>
      <Option Name="TopModule" Val="zynq_wrapper"/>
      <Option Name="TopAutoSet" Val="TRUE"/>
    </Config>
  </FileSet>
  <FileSet Name="constrs_in" Type="Constrs" RelSrcDir="$PSRCDIR/constrs_1">
    <Filter Type="Constrs"/>
    <Config>
      <Option Name="ConstrsType" Val="XDC"/>
    </Config>
  </FileSet>
  <Strategy Version="1" Minor="2">
    <StratHandle Name="Vivado Synthesis Defaults" Flow="Vivado Synthesis 2017">
      <Desc>Vivado Synthesis Defaults</Desc>
    </StratHandle>
    <Step Id="synth_design"/>
  </Strategy>
  <BlockFileSet Type="BlockSrcs" Name="zynq_axi_ahblite_bridge_0_0"/>
  <BlockFileSet Type="BlockSrcs" Name="zynq_processing_system7_0_0"/>
  <BlockFileSet Type="BlockSrcs" Name="zynq_proc_sys_reset_0_0"/>
  <BlockFileSet Type="BlockSrcs" Name="zynq_xlconstant_0_0"/>
  <BlockFileSet Type="BlockSrcs" Name="zynq_mips_core_0_0"/>
</GenRun>
